<?xml version="1.0" encoding="UTF-8"?>
<beans xmlns="http://www.springframework.org/schema/beans"
	xmlns:xsi="http://www.w3.org/2001/XMLSchema-instance"

	xsi:schemaLocation="http://www.springframework.org/schema/beans http://www.springframework.org/schema/beans/spring-beans-4.0.xsd
">
	<!--bean id="address1" class="Address"> <property name="addressLine1" value="Ring 
		Rd,BTM"></property> <property name="city" value="Bangalore"></property> <property 
		name="state" value="KA"></property> <property name="country" value="India"></property> 
		</bean -->

	<bean id="obj1" class="Employee">
		<property name="id" value="1"></property>
		<property name="name" value="Kumar"></property>
		<!-- property name="address" ref="address1"></property -->
		<property name="address">
			<bean id="address1" class="Address">
				<property name="addressLine1" value="Ring Rd,BTM"></property>
				<property name="city" value="Bangalore"></property>
				<property name="state" value="KA"></property>
				<property name="country" value="India"></property>
			</bean>
		</property>
		<property name="salary">
			 <bean id="salary1" class="com.eg.Salary">
			 	<property name="id" value="123"/>
			 	<property name="amount" value="2432.34"/>
			 </bean>
		</property>
	</bean>
	<bean id="salary1" class="com.eg.Salary">
		<property name="id" value="11111"/>
		<property name="amount" value="234523.45"/>
	</bean>
	
	
</beans>
