<?xml version = "1.0" encoding = "UTF-8"?>

<beans xmlns = "http://www.springframework.org/schema/beans"
   xmlns:xsi = "http://www.w3.org/2001/XMLSchema-instance"
   xmlns:context = "http://www.springframework.org/schema/context"
   xsi:schemaLocation = "http://www.springframework.org/schema/beans
   http://www.springframework.org/schema/beans/spring-beans.xsd
   http://www.springframework.org/schema/context
   http://www.springframework.org/schema/context/spring-context.xsd">

   <context:annotation-config/>

   <bean id = "sEmployee" class = "Employee">
   </bean>

   <bean id = "mno" class = "Salary">
   </bean>

   <bean id = "sAddress" class = "Address">
   </bean>
	
	<bean id="department" class="Department">
	</bean>

</beans>