<?xml version="1.0" encoding="UTF-8"?>
<beans xmlns="http://www.springframework.org/schema/beans"
	xmlns:xsi="http://www.w3.org/2001/XMLSchema-instance"

	xsi:schemaLocation="http://www.springframework.org/schema/beans http://www.springframework.org/schema/beans/spring-beans-4.0.xsd
">
	<!-- scope prototype is required only for giving dynamic values -->
	<bean id="e" class="com.eg.Employee" scope="prototype">
		<property name="id">
			<value>123</value>
		</property>
		<property name="address">
			<value>Bpl</value>
		</property>
		<property name="name">
			<value>Kumarrrrr</value>
		</property>
		<property name="marks">
			<value>54.28</value>
		</property>
		<property name="salary">
			<value>12345.78</value>
		</property>
	</bean>
	<bean id="e1" class="com.eg.Employee" scope="prototype"></bean>
	<bean id="mail" class="com.eg.XyzEMail" scope="singleton">
		<constructor-arg value="ysty" type="String"/>
		<constructor-arg value="25" type="int"/>
		<constructor-arg value="nellore" type="String"/>
	</bean>
</beans>
